case_id,component,preset,pass_mode,batch_size,seq_len,hidden_size,num_heads,ffn_hidden_size,activation,glu_max_autotune_gemm,use_rope,hidden_dropout,attention_dropout,train_mode,drop_path_prob,layer_scale_init,bias,eps,norm_type,num_global_tokens,attention_compile_mode,mean_ms,median_ms,p95_ms,std_ms,sample_count,measurement_seconds,memory_mb,device,param_dtype,input_dtype,autocast_dtype
token_specialized_attention|default|forward_backward|b1s40d384h12ffn1536g8,token_specialized_attention,default,forward_backward,1,40,384,12,1536,swiglu,False,True,0.0,0.0,False,0.1,1e-05,True,1e-05,rmsnorm,8,auto,1.5679107166977495,1.5697460621595383,1.6878331080079079,0.10680442953234814,593,1.0011256621219218,,cuda,bfloat16,bfloat16,
token_specialized_attention|default|forward_backward|b2s40d384h12ffn1536g8,token_specialized_attention,default,forward_backward,2,40,384,12,1536,swiglu,False,True,0.0,0.0,False,0.1,1e-05,True,1e-05,rmsnorm,8,auto,1.1551944102393463,1.1101702693849802,1.3035507872700691,0.09471180110451957,800,1.0010483940131962,,cuda,bfloat16,bfloat16,
token_specialized_attention|default|forward_backward|b4s40d384h12ffn1536g8,token_specialized_attention,default,forward_backward,4,40,384,12,1536,swiglu,False,True,0.0,0.0,False,0.1,1e-05,True,1e-05,rmsnorm,8,auto,1.0505463884886919,1.0898611508309841,1.2354031205177307,0.1318494868059861,886,1.0006091832183301,,cuda,bfloat16,bfloat16,
token_specialized_attention|default|forward_backward|b8s40d384h12ffn1536g8,token_specialized_attention,default,forward_backward,8,40,384,12,1536,swiglu,False,True,0.0,0.0,False,0.1,1e-05,True,1e-05,rmsnorm,8,auto,1.1434008361610732,1.1175153777003288,1.2522130273282528,0.08496342673313288,810,1.0011185421608388,,cuda,bfloat16,bfloat16,
token_specialized_attention|default|forward_backward|b16s40d384h12ffn1536g8,token_specialized_attention,default,forward_backward,16,40,384,12,1536,swiglu,False,True,0.0,0.0,False,0.1,1e-05,True,1e-05,rmsnorm,8,auto,1.211442940698773,1.191533636301756,1.4879070222377777,0.11579598556126673,763,1.0006348830647767,,cuda,bfloat16,bfloat16,
token_specialized_attention|default|forward_backward|b32s40d384h12ffn1536g8,token_specialized_attention,default,forward_backward,32,40,384,12,1536,swiglu,False,True,0.0,0.0,False,0.1,1e-05,True,1e-05,rmsnorm,8,auto,1.2351903886551565,1.2030177749693394,1.485397107899189,0.14951970150404803,754,1.0012300503440201,,cuda,bfloat16,bfloat16,
token_specialized_attention|default|forward_backward|b64s40d384h12ffn1536g8,token_specialized_attention,default,forward_backward,64,40,384,12,1536,swiglu,False,True,0.0,0.0,False,0.1,1e-05,True,1e-05,rmsnorm,8,auto,1.3546971016237714,1.3391911052167416,1.5842351131141186,0.13030409911167237,689,1.0002973210066557,,cuda,bfloat16,bfloat16,
token_specialized_attention|default|forward_backward|b128s40d384h12ffn1536g8,token_specialized_attention,default,forward_backward,128,40,384,12,1536,swiglu,False,True,0.0,0.0,False,0.1,1e-05,True,1e-05,rmsnorm,8,auto,1.5313421255878863,1.5061318408697844,1.6910228878259659,0.07938774246925877,620,1.0002693212591112,,cuda,bfloat16,bfloat16,
token_specialized_attention|default|forward_backward|b256s40d384h12ffn1536g8,token_specialized_attention,default,forward_backward,256,40,384,12,1536,swiglu,False,True,0.0,0.0,False,0.1,1e-05,True,1e-05,rmsnorm,8,auto,2.1250751428712795,2.116083400323987,2.1892921067774296,0.028013545999624544,458,1.000530153978616,,cuda,bfloat16,bfloat16,
