run_index,case_id,surface,profile,pass_mode,lengths,useful_tokens,hidden_size,num_heads,method,median_ms,p95_ms,useful_tokens_per_second,peak_allocated_mb,peak_reserved_mb,packing_median_ms,compile_count,error
1,b64_l196|mild|forward,b64_l196,mild,forward,"[196, 188, 180, 172, 165, 196, 188, 180, 172, 165, 196, 188, 180, 172, 165, 196, 188, 180, 172, 165, 196, 188, 180, 172, 165, 196, 188, 180, 172, 165, 196, 188, 180, 172, 165, 196, 188, 180, 172, 165, 196, 188, 180, 172, 165, 196, 188, 180, 172, 165, 196, 188, 180, 172, 165, 196, 188, 180, 172, 165, 196, 188, 180, 172]",11548,384,6,dense_masking,0.7574334740638733,0.9892983362078667,15246223.457805844,68.8857421875,90.0,,1,
1,b64_l196|mild|forward,b64_l196,mild,forward,"[196, 188, 180, 172, 165, 196, 188, 180, 172, 165, 196, 188, 180, 172, 165, 196, 188, 180, 172, 165, 196, 188, 180, 172, 165, 196, 188, 180, 172, 165, 196, 188, 180, 172, 165, 196, 188, 180, 172, 165, 196, 188, 180, 172, 165, 196, 188, 180, 172, 165, 196, 188, 180, 172, 165, 196, 188, 180, 172, 165, 196, 188, 180, 172]",11548,384,6,padded_bucketing,1.039477065205574,1.0543661192059517,11109432.219859693,94.9287109375,110.0,,0,
1,b64_l196|mild|forward,b64_l196,mild,forward,"[196, 188, 180, 172, 165, 196, 188, 180, 172, 165, 196, 188, 180, 172, 165, 196, 188, 180, 172, 165, 196, 188, 180, 172, 165, 196, 188, 180, 172, 165, 196, 188, 180, 172, 165, 196, 188, 180, 172, 165, 196, 188, 180, 172, 165, 196, 188, 180, 172, 165, 196, 188, 180, 172, 165, 196, 188, 180, 172, 165, 196, 188, 180, 172]",11548,384,6,per_sequence,13.800561428070068,13.907588087022305,836777.5514198717,43.83203125,52.0,,1,
1,b64_l196|mild|forward,b64_l196,mild,forward,"[196, 188, 180, 172, 165, 196, 188, 180, 172, 165, 196, 188, 180, 172, 165, 196, 188, 180, 172, 165, 196, 188, 180, 172, 165, 196, 188, 180, 172, 165, 196, 188, 180, 172, 165, 196, 188, 180, 172, 165, 196, 188, 180, 172, 165, 196, 188, 180, 172, 165, 196, 188, 180, 172, 165, 196, 188, 180, 172, 165, 196, 188, 180, 172]",11548,384,6,pytorch,0.5287881940603256,0.5850167945027351,21838611.62127718,61.63671875,68.0,0.3827707841992378,1,
1,b64_l196|mild|forward,b64_l196,mild,forward,"[196, 188, 180, 172, 165, 196, 188, 180, 172, 165, 196, 188, 180, 172, 165, 196, 188, 180, 172, 165, 196, 188, 180, 172, 165, 196, 188, 180, 172, 165, 196, 188, 180, 172, 165, 196, 188, 180, 172, 165, 196, 188, 180, 172, 165, 196, 188, 180, 172, 165, 196, 188, 180, 172, 165, 196, 188, 180, 172, 165, 196, 188, 180, 172]",11548,384,6,flash_attention,,,,,,,0,optional flash-attn package is not installed
1,b64_l196|mild|forward_backward,b64_l196,mild,forward_backward,"[196, 188, 180, 172, 165, 196, 188, 180, 172, 165, 196, 188, 180, 172, 165, 196, 188, 180, 172, 165, 196, 188, 180, 172, 165, 196, 188, 180, 172, 165, 196, 188, 180, 172, 165, 196, 188, 180, 172, 165, 196, 188, 180, 172, 165, 196, 188, 180, 172, 165, 196, 188, 180, 172, 165, 196, 188, 180, 172, 165, 196, 188, 180, 172]",11548,384,6,dense_masking,3.0097635462880135,3.739156760275364,3836846.2579867183,143.490234375,182.0,,1,
1,b64_l196|mild|forward_backward,b64_l196,mild,forward_backward,"[196, 188, 180, 172, 165, 196, 188, 180, 172, 165, 196, 188, 180, 172, 165, 196, 188, 180, 172, 165, 196, 188, 180, 172, 165, 196, 188, 180, 172, 165, 196, 188, 180, 172, 165, 196, 188, 180, 172, 165, 196, 188, 180, 172, 165, 196, 188, 180, 172, 165, 196, 188, 180, 172, 165, 196, 188, 180, 172, 165, 196, 188, 180, 172]",11548,384,6,padded_bucketing,3.7708263844251633,3.8071442395448685,3062458.6821862957,180.5380859375,228.0,,1,
1,b64_l196|mild|forward_backward,b64_l196,mild,forward_backward,"[196, 188, 180, 172, 165, 196, 188, 180, 172, 165, 196, 188, 180, 172, 165, 196, 188, 180, 172, 165, 196, 188, 180, 172, 165, 196, 188, 180, 172, 165, 196, 188, 180, 172, 165, 196, 188, 180, 172, 165, 196, 188, 180, 172, 165, 196, 188, 180, 172, 165, 196, 188, 180, 172, 165, 196, 188, 180, 172, 165, 196, 188, 180, 172]",11548,384,6,per_sequence,51.621162332594395,59.974667616188526,223706.70241007756,107.68212890625,144.0,,1,
1,b64_l196|mild|forward_backward,b64_l196,mild,forward_backward,"[196, 188, 180, 172, 165, 196, 188, 180, 172, 165, 196, 188, 180, 172, 165, 196, 188, 180, 172, 165, 196, 188, 180, 172, 165, 196, 188, 180, 172, 165, 196, 188, 180, 172, 165, 196, 188, 180, 172, 165, 196, 188, 180, 172, 165, 196, 188, 180, 172, 165, 196, 188, 180, 172, 165, 196, 188, 180, 172, 165, 196, 188, 180, 172]",11548,384,6,pytorch,2.116093412041664,2.130952663719654,5457226.006321799,143.43603515625,164.0,0.378170982003212,1,
1,b64_l196|mild|forward_backward,b64_l196,mild,forward_backward,"[196, 188, 180, 172, 165, 196, 188, 180, 172, 165, 196, 188, 180, 172, 165, 196, 188, 180, 172, 165, 196, 188, 180, 172, 165, 196, 188, 180, 172, 165, 196, 188, 180, 172, 165, 196, 188, 180, 172, 165, 196, 188, 180, 172, 165, 196, 188, 180, 172, 165, 196, 188, 180, 172, 165, 196, 188, 180, 172, 165, 196, 188, 180, 172]",11548,384,6,flash_attention,,,,,,,0,optional flash-attn package is not installed
1,b64_l196|high|forward,b64_l196,high,forward,"[196, 147, 108, 78, 59, 39, 24, 12, 196, 147, 108, 78, 59, 39, 24, 12, 196, 147, 108, 78, 59, 39, 24, 12, 196, 147, 108, 78, 59, 39, 24, 12, 196, 147, 108, 78, 59, 39, 24, 12, 196, 147, 108, 78, 59, 39, 24, 12, 196, 147, 108, 78, 59, 39, 24, 12, 196, 147, 108, 78, 59, 39, 24, 12]",5304,384,6,dense_masking,0.7472243160009384,0.7590427994728088,7098270.072883093,73.458984375,98.0,,0,
1,b64_l196|high|forward,b64_l196,high,forward,"[196, 147, 108, 78, 59, 39, 24, 12, 196, 147, 108, 78, 59, 39, 24, 12, 196, 147, 108, 78, 59, 39, 24, 12, 196, 147, 108, 78, 59, 39, 24, 12, 196, 147, 108, 78, 59, 39, 24, 12, 196, 147, 108, 78, 59, 39, 24, 12, 196, 147, 108, 78, 59, 39, 24, 12, 196, 147, 108, 78, 59, 39, 24, 12]",5304,384,6,padded_bucketing,1.7150714993476868,1.728481613099575,3092582.4387014373,53.3173828125,72.0,,0,
1,b64_l196|high|forward,b64_l196,high,forward,"[196, 147, 108, 78, 59, 39, 24, 12, 196, 147, 108, 78, 59, 39, 24, 12, 196, 147, 108, 78, 59, 39, 24, 12, 196, 147, 108, 78, 59, 39, 24, 12, 196, 147, 108, 78, 59, 39, 24, 12, 196, 147, 108, 78, 59, 39, 24, 12, 196, 147, 108, 78, 59, 39, 24, 12, 196, 147, 108, 78, 59, 39, 24, 12]",5304,384,6,per_sequence,14.05002549290657,14.10063449293375,377508.21183049295,39.26171875,72.0,,0,
1,b64_l196|high|forward,b64_l196,high,forward,"[196, 147, 108, 78, 59, 39, 24, 12, 196, 147, 108, 78, 59, 39, 24, 12, 196, 147, 108, 78, 59, 39, 24, 12, 196, 147, 108, 78, 59, 39, 24, 12, 196, 147, 108, 78, 59, 39, 24, 12, 196, 147, 108, 78, 59, 39, 24, 12, 196, 147, 108, 78, 59, 39, 24, 12, 196, 147, 108, 78, 59, 39, 24, 12]",5304,384,6,pytorch,0.3470722585916519,0.354682095348835,15282120.275249152,47.14794921875,70.0,0.3742622211575508,0,
1,b64_l196|high|forward,b64_l196,high,forward,"[196, 147, 108, 78, 59, 39, 24, 12, 196, 147, 108, 78, 59, 39, 24, 12, 196, 147, 108, 78, 59, 39, 24, 12, 196, 147, 108, 78, 59, 39, 24, 12, 196, 147, 108, 78, 59, 39, 24, 12, 196, 147, 108, 78, 59, 39, 24, 12, 196, 147, 108, 78, 59, 39, 24, 12, 196, 147, 108, 78, 59, 39, 24, 12]",5304,384,6,flash_attention,,,,,,,0,optional flash-attn package is not installed
1,b64_l196|high|forward_backward,b64_l196,high,forward_backward,"[196, 147, 108, 78, 59, 39, 24, 12, 196, 147, 108, 78, 59, 39, 24, 12, 196, 147, 108, 78, 59, 39, 24, 12, 196, 147, 108, 78, 59, 39, 24, 12, 196, 147, 108, 78, 59, 39, 24, 12, 196, 147, 108, 78, 59, 39, 24, 12, 196, 147, 108, 78, 59, 39, 24, 12, 196, 147, 108, 78, 59, 39, 24, 12]",5304,384,6,dense_masking,3.2217781990766525,3.2573677599430084,1646295.8255537588,138.9169921875,164.0,,0,
1,b64_l196|high|forward_backward,b64_l196,high,forward_backward,"[196, 147, 108, 78, 59, 39, 24, 12, 196, 147, 108, 78, 59, 39, 24, 12, 196, 147, 108, 78, 59, 39, 24, 12, 196, 147, 108, 78, 59, 39, 24, 12, 196, 147, 108, 78, 59, 39, 24, 12, 196, 147, 108, 78, 59, 39, 24, 12, 196, 147, 108, 78, 59, 39, 24, 12, 196, 147, 108, 78, 59, 39, 24, 12]",5304,384,6,padded_bucketing,7.7132973819971085,7.766406983137131,687643.65449977,87.87255859375,118.0,,0,
1,b64_l196|high|forward_backward,b64_l196,high,forward_backward,"[196, 147, 108, 78, 59, 39, 24, 12, 196, 147, 108, 78, 59, 39, 24, 12, 196, 147, 108, 78, 59, 39, 24, 12, 196, 147, 108, 78, 59, 39, 24, 12, 196, 147, 108, 78, 59, 39, 24, 12, 196, 147, 108, 78, 59, 39, 24, 12, 196, 147, 108, 78, 59, 39, 24, 12, 196, 147, 108, 78, 59, 39, 24, 12]",5304,384,6,per_sequence,51.64743307977915,60.318308882415295,102696.29454395105,64.7744140625,96.0,,1,
1,b64_l196|high|forward_backward,b64_l196,high,forward_backward,"[196, 147, 108, 78, 59, 39, 24, 12, 196, 147, 108, 78, 59, 39, 24, 12, 196, 147, 108, 78, 59, 39, 24, 12, 196, 147, 108, 78, 59, 39, 24, 12, 196, 147, 108, 78, 59, 39, 24, 12, 196, 147, 108, 78, 59, 39, 24, 12, 196, 147, 108, 78, 59, 39, 24, 12, 196, 147, 108, 78, 59, 39, 24, 12]",5304,384,6,pytorch,1.3774698600172997,1.3962285593152046,3850537.971069209,87.1845703125,110.0,0.37886109203100204,0,
1,b64_l196|high|forward_backward,b64_l196,high,forward_backward,"[196, 147, 108, 78, 59, 39, 24, 12, 196, 147, 108, 78, 59, 39, 24, 12, 196, 147, 108, 78, 59, 39, 24, 12, 196, 147, 108, 78, 59, 39, 24, 12, 196, 147, 108, 78, 59, 39, 24, 12, 196, 147, 108, 78, 59, 39, 24, 12, 196, 147, 108, 78, 59, 39, 24, 12, 196, 147, 108, 78, 59, 39, 24, 12]",5304,384,6,flash_attention,,,,,,,0,optional flash-attn package is not installed
1,b64_l196|outlier|forward,b64_l196,outlier,forward,"[196, 49, 49, 49, 49, 49, 49, 49, 49, 49, 49, 49, 49, 49, 49, 49, 49, 49, 49, 49, 49, 49, 49, 49, 49, 49, 49, 49, 49, 49, 49, 49, 49, 49, 49, 49, 49, 49, 49, 49, 49, 49, 49, 49, 49, 49, 49, 49, 49, 49, 49, 49, 49, 49, 49, 49, 49, 49, 49, 49, 49, 49, 49, 49]",3283,384,6,dense_masking,0.7392438128590584,0.7482822984457016,4441024.656402401,71.29052734375,98.0,,0,
1,b64_l196|outlier|forward,b64_l196,outlier,forward,"[196, 49, 49, 49, 49, 49, 49, 49, 49, 49, 49, 49, 49, 49, 49, 49, 49, 49, 49, 49, 49, 49, 49, 49, 49, 49, 49, 49, 49, 49, 49, 49, 49, 49, 49, 49, 49, 49, 49, 49, 49, 49, 49, 49, 49, 49, 49, 49, 49, 49, 49, 49, 49, 49, 49, 49, 49, 49, 49, 49, 49, 49, 49, 49]",3283,384,6,padded_bucketing,0.7417546585202217,0.8690198883414268,4425991.751166736,45.2314453125,70.0,,1,
1,b64_l196|outlier|forward,b64_l196,outlier,forward,"[196, 49, 49, 49, 49, 49, 49, 49, 49, 49, 49, 49, 49, 49, 49, 49, 49, 49, 49, 49, 49, 49, 49, 49, 49, 49, 49, 49, 49, 49, 49, 49, 49, 49, 49, 49, 49, 49, 49, 49, 49, 49, 49, 49, 49, 49, 49, 49, 49, 49, 49, 49, 49, 49, 49, 49, 49, 49, 49, 49, 49, 49, 49, 49]",3283,384,6,per_sequence,14.043145813047886,14.118984341621399,233779.52801356456,34.142578125,70.0,,0,
1,b64_l196|outlier|forward,b64_l196,outlier,forward,"[196, 49, 49, 49, 49, 49, 49, 49, 49, 49, 49, 49, 49, 49, 49, 49, 49, 49, 49, 49, 49, 49, 49, 49, 49, 49, 49, 49, 49, 49, 49, 49, 49, 49, 49, 49, 49, 49, 49, 49, 49, 49, 49, 49, 49, 49, 49, 49, 49, 49, 49, 49, 49, 49, 49, 49, 49, 49, 49, 49, 49, 49, 49, 49]",3283,384,6,pytorch,0.28295349329710007,0.2936339005827904,11602613.425072165,39.0126953125,70.0,0.3788815811276436,0,
1,b64_l196|outlier|forward,b64_l196,outlier,forward,"[196, 49, 49, 49, 49, 49, 49, 49, 49, 49, 49, 49, 49, 49, 49, 49, 49, 49, 49, 49, 49, 49, 49, 49, 49, 49, 49, 49, 49, 49, 49, 49, 49, 49, 49, 49, 49, 49, 49, 49, 49, 49, 49, 49, 49, 49, 49, 49, 49, 49, 49, 49, 49, 49, 49, 49, 49, 49, 49, 49, 49, 49, 49, 49]",3283,384,6,flash_attention,,,,,,,0,optional flash-attn package is not installed
1,b64_l196|outlier|forward_backward,b64_l196,outlier,forward_backward,"[196, 49, 49, 49, 49, 49, 49, 49, 49, 49, 49, 49, 49, 49, 49, 49, 49, 49, 49, 49, 49, 49, 49, 49, 49, 49, 49, 49, 49, 49, 49, 49, 49, 49, 49, 49, 49, 49, 49, 49, 49, 49, 49, 49, 49, 49, 49, 49, 49, 49, 49, 49, 49, 49, 49, 49, 49, 49, 49, 49, 49, 49, 49, 49]",3283,384,6,dense_masking,3.212898038327694,3.2270681113004684,1021818.9188813455,137.43701171875,164.0,,0,
1,b64_l196|outlier|forward_backward,b64_l196,outlier,forward_backward,"[196, 49, 49, 49, 49, 49, 49, 49, 49, 49, 49, 49, 49, 49, 49, 49, 49, 49, 49, 49, 49, 49, 49, 49, 49, 49, 49, 49, 49, 49, 49, 49, 49, 49, 49, 49, 49, 49, 49, 49, 49, 49, 49, 49, 49, 49, 49, 49, 49, 49, 49, 49, 49, 49, 49, 49, 49, 49, 49, 49, 49, 49, 49, 49]",3283,384,6,padded_bucketing,3.3398447558283806,3.5768793895840645,982979.8209245563,67.55419921875,92.0,,1,
1,b64_l196|outlier|forward_backward,b64_l196,outlier,forward_backward,"[196, 49, 49, 49, 49, 49, 49, 49, 49, 49, 49, 49, 49, 49, 49, 49, 49, 49, 49, 49, 49, 49, 49, 49, 49, 49, 49, 49, 49, 49, 49, 49, 49, 49, 49, 49, 49, 49, 49, 49, 49, 49, 49, 49, 49, 49, 49, 49, 49, 49, 49, 49, 49, 49, 49, 49, 49, 49, 49, 49, 49, 49, 49, 49]",3283,384,6,per_sequence,51.5500046312809,60.4899050667882,63685.73627649789,50.0029296875,86.0,,0,
1,b64_l196|outlier|forward_backward,b64_l196,outlier,forward_backward,"[196, 49, 49, 49, 49, 49, 49, 49, 49, 49, 49, 49, 49, 49, 49, 49, 49, 49, 49, 49, 49, 49, 49, 49, 49, 49, 49, 49, 49, 49, 49, 49, 49, 49, 49, 49, 49, 49, 49, 49, 49, 49, 49, 49, 49, 49, 49, 49, 49, 49, 49, 49, 49, 49, 49, 49, 49, 49, 49, 49, 49, 49, 49, 49]",3283,384,6,pytorch,1.129884272813797,1.1470457538962364,2905607.3077503867,68.404296875,88.0,0.38126204162836075,0,
1,b64_l196|outlier|forward_backward,b64_l196,outlier,forward_backward,"[196, 49, 49, 49, 49, 49, 49, 49, 49, 49, 49, 49, 49, 49, 49, 49, 49, 49, 49, 49, 49, 49, 49, 49, 49, 49, 49, 49, 49, 49, 49, 49, 49, 49, 49, 49, 49, 49, 49, 49, 49, 49, 49, 49, 49, 49, 49, 49, 49, 49, 49, 49, 49, 49, 49, 49, 49, 49, 49, 49, 49, 49, 49, 49]",3283,384,6,flash_attention,,,,,,,0,optional flash-attn package is not installed
2,b64_l196|mild|forward,b64_l196,mild,forward,"[196, 188, 180, 172, 165, 196, 188, 180, 172, 165, 196, 188, 180, 172, 165, 196, 188, 180, 172, 165, 196, 188, 180, 172, 165, 196, 188, 180, 172, 165, 196, 188, 180, 172, 165, 196, 188, 180, 172, 165, 196, 188, 180, 172, 165, 196, 188, 180, 172, 165, 196, 188, 180, 172, 165, 196, 188, 180, 172, 165, 196, 188, 180, 172]",11548,384,6,dense_masking,0.7463330402970314,0.7524332031607628,15472985.083715491,77.34375,90.0,,0,
2,b64_l196|mild|forward,b64_l196,mild,forward,"[196, 188, 180, 172, 165, 196, 188, 180, 172, 165, 196, 188, 180, 172, 165, 196, 188, 180, 172, 165, 196, 188, 180, 172, 165, 196, 188, 180, 172, 165, 196, 188, 180, 172, 165, 196, 188, 180, 172, 165, 196, 188, 180, 172, 165, 196, 188, 180, 172, 165, 196, 188, 180, 172, 165, 196, 188, 180, 172, 165, 196, 188, 180, 172]",11548,384,6,padded_bucketing,1.0294876992702484,1.038246788084507,11217229.703847643,103.8447265625,126.0,,0,
2,b64_l196|mild|forward,b64_l196,mild,forward,"[196, 188, 180, 172, 165, 196, 188, 180, 172, 165, 196, 188, 180, 172, 165, 196, 188, 180, 172, 165, 196, 188, 180, 172, 165, 196, 188, 180, 172, 165, 196, 188, 180, 172, 165, 196, 188, 180, 172, 165, 196, 188, 180, 172, 165, 196, 188, 180, 172, 165, 196, 188, 180, 172, 165, 196, 188, 180, 172, 165, 196, 188, 180, 172]",11548,384,6,per_sequence,13.85509967803955,13.85639887303114,833483.7185115078,52.2900390625,70.0,,0,
2,b64_l196|mild|forward,b64_l196,mild,forward,"[196, 188, 180, 172, 165, 196, 188, 180, 172, 165, 196, 188, 180, 172, 165, 196, 188, 180, 172, 165, 196, 188, 180, 172, 165, 196, 188, 180, 172, 165, 196, 188, 180, 172, 165, 196, 188, 180, 172, 165, 196, 188, 180, 172, 165, 196, 188, 180, 172, 165, 196, 188, 180, 172, 165, 196, 188, 180, 172, 165, 196, 188, 180, 172]",11548,384,6,pytorch,0.5233678966760635,0.5281083285808563,22064784.778244793,70.0947265625,88.0,0.3732619807124138,0,
2,b64_l196|mild|forward,b64_l196,mild,forward,"[196, 188, 180, 172, 165, 196, 188, 180, 172, 165, 196, 188, 180, 172, 165, 196, 188, 180, 172, 165, 196, 188, 180, 172, 165, 196, 188, 180, 172, 165, 196, 188, 180, 172, 165, 196, 188, 180, 172, 165, 196, 188, 180, 172, 165, 196, 188, 180, 172, 165, 196, 188, 180, 172, 165, 196, 188, 180, 172, 165, 196, 188, 180, 172]",11548,384,6,flash_attention,,,,,,,0,optional flash-attn package is not installed
2,b64_l196|mild|forward_backward,b64_l196,mild,forward_backward,"[196, 188, 180, 172, 165, 196, 188, 180, 172, 165, 196, 188, 180, 172, 165, 196, 188, 180, 172, 165, 196, 188, 180, 172, 165, 196, 188, 180, 172, 165, 196, 188, 180, 172, 165, 196, 188, 180, 172, 165, 196, 188, 180, 172, 165, 196, 188, 180, 172, 165, 196, 188, 180, 172, 165, 196, 188, 180, 172, 165, 196, 188, 180, 172]",11548,384,6,dense_masking,3.182508982717991,3.2033277675509453,3628583.6309368536,143.490234375,182.0,,0,
2,b64_l196|mild|forward_backward,b64_l196,mild,forward_backward,"[196, 188, 180, 172, 165, 196, 188, 180, 172, 165, 196, 188, 180, 172, 165, 196, 188, 180, 172, 165, 196, 188, 180, 172, 165, 196, 188, 180, 172, 165, 196, 188, 180, 172, 165, 196, 188, 180, 172, 165, 196, 188, 180, 172, 165, 196, 188, 180, 172, 165, 196, 188, 180, 172, 165, 196, 188, 180, 172, 165, 196, 188, 180, 172]",11548,384,6,padded_bucketing,3.752126358449459,3.78581415861845,3077721.509563482,180.5380859375,218.0,,0,
2,b64_l196|mild|forward_backward,b64_l196,mild,forward_backward,"[196, 188, 180, 172, 165, 196, 188, 180, 172, 165, 196, 188, 180, 172, 165, 196, 188, 180, 172, 165, 196, 188, 180, 172, 165, 196, 188, 180, 172, 165, 196, 188, 180, 172, 165, 196, 188, 180, 172, 165, 196, 188, 180, 172, 165, 196, 188, 180, 172, 165, 196, 188, 180, 172, 165, 196, 188, 180, 172, 165, 196, 188, 180, 172]",11548,384,6,per_sequence,51.550066098570824,61.88852433115244,224015.2316763015,109.03759765625,126.0,,0,
2,b64_l196|mild|forward_backward,b64_l196,mild,forward_backward,"[196, 188, 180, 172, 165, 196, 188, 180, 172, 165, 196, 188, 180, 172, 165, 196, 188, 180, 172, 165, 196, 188, 180, 172, 165, 196, 188, 180, 172, 165, 196, 188, 180, 172, 165, 196, 188, 180, 172, 165, 196, 188, 180, 172, 165, 196, 188, 180, 172, 165, 196, 188, 180, 172, 165, 196, 188, 180, 172, 165, 196, 188, 180, 172]",11548,384,6,pytorch,2.061614766716957,2.0638341084122658,5601434.461196526,143.43603515625,164.0,0.376981683075428,0,
2,b64_l196|mild|forward_backward,b64_l196,mild,forward_backward,"[196, 188, 180, 172, 165, 196, 188, 180, 172, 165, 196, 188, 180, 172, 165, 196, 188, 180, 172, 165, 196, 188, 180, 172, 165, 196, 188, 180, 172, 165, 196, 188, 180, 172, 165, 196, 188, 180, 172, 165, 196, 188, 180, 172, 165, 196, 188, 180, 172, 165, 196, 188, 180, 172, 165, 196, 188, 180, 172, 165, 196, 188, 180, 172]",11548,384,6,flash_attention,,,,,,,0,optional flash-attn package is not installed
2,b64_l196|high|forward,b64_l196,high,forward,"[196, 147, 108, 78, 59, 39, 24, 12, 196, 147, 108, 78, 59, 39, 24, 12, 196, 147, 108, 78, 59, 39, 24, 12, 196, 147, 108, 78, 59, 39, 24, 12, 196, 147, 108, 78, 59, 39, 24, 12, 196, 147, 108, 78, 59, 39, 24, 12, 196, 147, 108, 78, 59, 39, 24, 12, 196, 147, 108, 78, 59, 39, 24, 12]",5304,384,6,dense_masking,0.7482822984457016,0.7527731359004974,7088233.960655265,72.7705078125,98.0,,0,
2,b64_l196|high|forward,b64_l196,high,forward,"[196, 147, 108, 78, 59, 39, 24, 12, 196, 147, 108, 78, 59, 39, 24, 12, 196, 147, 108, 78, 59, 39, 24, 12, 196, 147, 108, 78, 59, 39, 24, 12, 196, 147, 108, 78, 59, 39, 24, 12, 196, 147, 108, 78, 59, 39, 24, 12, 196, 147, 108, 78, 59, 39, 24, 12, 196, 147, 108, 78, 59, 39, 24, 12]",5304,384,6,padded_bucketing,1.6994010657072067,1.7080921679735184,3121099.6079920293,52.89453125,72.0,,0,
2,b64_l196|high|forward,b64_l196,high,forward,"[196, 147, 108, 78, 59, 39, 24, 12, 196, 147, 108, 78, 59, 39, 24, 12, 196, 147, 108, 78, 59, 39, 24, 12, 196, 147, 108, 78, 59, 39, 24, 12, 196, 147, 108, 78, 59, 39, 24, 12, 196, 147, 108, 78, 59, 39, 24, 12, 196, 147, 108, 78, 59, 39, 24, 12, 196, 147, 108, 78, 59, 39, 24, 12]",5304,384,6,per_sequence,14.0542546287179,14.075005427002907,377394.6139528467,38.5732421875,72.0,,0,
2,b64_l196|high|forward,b64_l196,high,forward,"[196, 147, 108, 78, 59, 39, 24, 12, 196, 147, 108, 78, 59, 39, 24, 12, 196, 147, 108, 78, 59, 39, 24, 12, 196, 147, 108, 78, 59, 39, 24, 12, 196, 147, 108, 78, 59, 39, 24, 12, 196, 147, 108, 78, 59, 39, 24, 12, 196, 147, 108, 78, 59, 39, 24, 12, 196, 147, 108, 78, 59, 39, 24, 12]",5304,384,6,pytorch,0.3427620977163315,0.3497116267681122,15474289.705128275,47.14794921875,70.0,0.3759628161787987,0,
2,b64_l196|high|forward,b64_l196,high,forward,"[196, 147, 108, 78, 59, 39, 24, 12, 196, 147, 108, 78, 59, 39, 24, 12, 196, 147, 108, 78, 59, 39, 24, 12, 196, 147, 108, 78, 59, 39, 24, 12, 196, 147, 108, 78, 59, 39, 24, 12, 196, 147, 108, 78, 59, 39, 24, 12, 196, 147, 108, 78, 59, 39, 24, 12, 196, 147, 108, 78, 59, 39, 24, 12]",5304,384,6,flash_attention,,,,,,,0,optional flash-attn package is not installed
2,b64_l196|high|forward_backward,b64_l196,high,forward_backward,"[196, 147, 108, 78, 59, 39, 24, 12, 196, 147, 108, 78, 59, 39, 24, 12, 196, 147, 108, 78, 59, 39, 24, 12, 196, 147, 108, 78, 59, 39, 24, 12, 196, 147, 108, 78, 59, 39, 24, 12, 196, 147, 108, 78, 59, 39, 24, 12, 196, 147, 108, 78, 59, 39, 24, 12, 196, 147, 108, 78, 59, 39, 24, 12]",5304,384,6,dense_masking,3.2244985923171043,3.237408585846424,1644906.9051038348,139.501953125,164.0,,0,
2,b64_l196|high|forward_backward,b64_l196,high,forward_backward,"[196, 147, 108, 78, 59, 39, 24, 12, 196, 147, 108, 78, 59, 39, 24, 12, 196, 147, 108, 78, 59, 39, 24, 12, 196, 147, 108, 78, 59, 39, 24, 12, 196, 147, 108, 78, 59, 39, 24, 12, 196, 147, 108, 78, 59, 39, 24, 12, 196, 147, 108, 78, 59, 39, 24, 12, 196, 147, 108, 78, 59, 39, 24, 12]",5304,384,6,padded_bucketing,7.739095948636532,7.76536762714386,685351.368583879,89.54248046875,118.0,,0,
2,b64_l196|high|forward_backward,b64_l196,high,forward_backward,"[196, 147, 108, 78, 59, 39, 24, 12, 196, 147, 108, 78, 59, 39, 24, 12, 196, 147, 108, 78, 59, 39, 24, 12, 196, 147, 108, 78, 59, 39, 24, 12, 196, 147, 108, 78, 59, 39, 24, 12, 196, 147, 108, 78, 59, 39, 24, 12, 196, 147, 108, 78, 59, 39, 24, 12, 196, 147, 108, 78, 59, 39, 24, 12]",5304,384,6,per_sequence,51.54626443982124,59.77648124098778,102897.85414406247,64.6708984375,96.0,,0,
2,b64_l196|high|forward_backward,b64_l196,high,forward_backward,"[196, 147, 108, 78, 59, 39, 24, 12, 196, 147, 108, 78, 59, 39, 24, 12, 196, 147, 108, 78, 59, 39, 24, 12, 196, 147, 108, 78, 59, 39, 24, 12, 196, 147, 108, 78, 59, 39, 24, 12, 196, 147, 108, 78, 59, 39, 24, 12, 196, 147, 108, 78, 59, 39, 24, 12, 196, 147, 108, 78, 59, 39, 24, 12]",5304,384,6,pytorch,1.3742996379733086,1.379278488457203,3859420.3574279146,87.76953125,110.0,0.3847908228635788,0,
2,b64_l196|high|forward_backward,b64_l196,high,forward_backward,"[196, 147, 108, 78, 59, 39, 24, 12, 196, 147, 108, 78, 59, 39, 24, 12, 196, 147, 108, 78, 59, 39, 24, 12, 196, 147, 108, 78, 59, 39, 24, 12, 196, 147, 108, 78, 59, 39, 24, 12, 196, 147, 108, 78, 59, 39, 24, 12, 196, 147, 108, 78, 59, 39, 24, 12, 196, 147, 108, 78, 59, 39, 24, 12]",5304,384,6,flash_attention,,,,,,,0,optional flash-attn package is not installed
2,b64_l196|outlier|forward,b64_l196,outlier,forward,"[196, 49, 49, 49, 49, 49, 49, 49, 49, 49, 49, 49, 49, 49, 49, 49, 49, 49, 49, 49, 49, 49, 49, 49, 49, 49, 49, 49, 49, 49, 49, 49, 49, 49, 49, 49, 49, 49, 49, 49, 49, 49, 49, 49, 49, 49, 49, 49, 49, 49, 49, 49, 49, 49, 49, 49, 49, 49, 49, 49, 49, 49, 49, 49]",3283,384,6,dense_masking,0.7434934377670288,0.8232723921537399,4415640.856037679,71.29052734375,92.0,,0,
2,b64_l196|outlier|forward,b64_l196,outlier,forward,"[196, 49, 49, 49, 49, 49, 49, 49, 49, 49, 49, 49, 49, 49, 49, 49, 49, 49, 49, 49, 49, 49, 49, 49, 49, 49, 49, 49, 49, 49, 49, 49, 49, 49, 49, 49, 49, 49, 49, 49, 49, 49, 49, 49, 49, 49, 49, 49, 49, 49, 49, 49, 49, 49, 49, 49, 49, 49, 49, 49, 49, 49, 49, 49]",3283,384,6,padded_bucketing,0.7250634953379631,0.7300944998860359,4527879.311410849,44.767578125,64.0,,0,
2,b64_l196|outlier|forward,b64_l196,outlier,forward,"[196, 49, 49, 49, 49, 49, 49, 49, 49, 49, 49, 49, 49, 49, 49, 49, 49, 49, 49, 49, 49, 49, 49, 49, 49, 49, 49, 49, 49, 49, 49, 49, 49, 49, 49, 49, 49, 49, 49, 49, 49, 49, 49, 49, 49, 49, 49, 49, 49, 49, 49, 49, 49, 49, 49, 49, 49, 49, 49, 49, 49, 49, 49, 49]",3283,384,6,per_sequence,14.085794799029827,14.13000375032425,233071.69008497268,34.142578125,44.0,,0,
2,b64_l196|outlier|forward,b64_l196,outlier,forward,"[196, 49, 49, 49, 49, 49, 49, 49, 49, 49, 49, 49, 49, 49, 49, 49, 49, 49, 49, 49, 49, 49, 49, 49, 49, 49, 49, 49, 49, 49, 49, 49, 49, 49, 49, 49, 49, 49, 49, 49, 49, 49, 49, 49, 49, 49, 49, 49, 49, 49, 49, 49, 49, 49, 49, 49, 49, 49, 49, 49, 49, 49, 49, 49]",3283,384,6,pytorch,0.2825837582349777,0.29615312814712524,11617794.386010243,39.0126953125,44.0,0.3711218014359474,0,
2,b64_l196|outlier|forward,b64_l196,outlier,forward,"[196, 49, 49, 49, 49, 49, 49, 49, 49, 49, 49, 49, 49, 49, 49, 49, 49, 49, 49, 49, 49, 49, 49, 49, 49, 49, 49, 49, 49, 49, 49, 49, 49, 49, 49, 49, 49, 49, 49, 49, 49, 49, 49, 49, 49, 49, 49, 49, 49, 49, 49, 49, 49, 49, 49, 49, 49, 49, 49, 49, 49, 49, 49, 49]",3283,384,6,flash_attention,,,,,,,0,optional flash-attn package is not installed
2,b64_l196|outlier|forward_backward,b64_l196,outlier,forward_backward,"[196, 49, 49, 49, 49, 49, 49, 49, 49, 49, 49, 49, 49, 49, 49, 49, 49, 49, 49, 49, 49, 49, 49, 49, 49, 49, 49, 49, 49, 49, 49, 49, 49, 49, 49, 49, 49, 49, 49, 49, 49, 49, 49, 49, 49, 49, 49, 49, 49, 49, 49, 49, 49, 49, 49, 49, 49, 49, 49, 49, 49, 49, 49, 49]",3283,384,6,dense_masking,3.21072805672884,3.2269470393657684,1022509.5187117131,137.43701171875,158.0,,0,
2,b64_l196|outlier|forward_backward,b64_l196,outlier,forward_backward,"[196, 49, 49, 49, 49, 49, 49, 49, 49, 49, 49, 49, 49, 49, 49, 49, 49, 49, 49, 49, 49, 49, 49, 49, 49, 49, 49, 49, 49, 49, 49, 49, 49, 49, 49, 49, 49, 49, 49, 49, 49, 49, 49, 49, 49, 49, 49, 49, 49, 49, 49, 49, 49, 49, 49, 49, 49, 49, 49, 49, 49, 49, 49, 49]",3283,384,6,padded_bucketing,3.3546555787324905,3.638257272541523,978639.9595872776,67.97900390625,86.0,,0,
2,b64_l196|outlier|forward_backward,b64_l196,outlier,forward_backward,"[196, 49, 49, 49, 49, 49, 49, 49, 49, 49, 49, 49, 49, 49, 49, 49, 49, 49, 49, 49, 49, 49, 49, 49, 49, 49, 49, 49, 49, 49, 49, 49, 49, 49, 49, 49, 49, 49, 49, 49, 49, 49, 49, 49, 49, 49, 49, 49, 49, 49, 49, 49, 49, 49, 49, 49, 49, 49, 49, 49, 49, 49, 49, 49]",3283,384,6,per_sequence,51.5251150354743,60.09288411587477,63716.50015220154,50.0029296875,80.0,,0,
2,b64_l196|outlier|forward_backward,b64_l196,outlier,forward_backward,"[196, 49, 49, 49, 49, 49, 49, 49, 49, 49, 49, 49, 49, 49, 49, 49, 49, 49, 49, 49, 49, 49, 49, 49, 49, 49, 49, 49, 49, 49, 49, 49, 49, 49, 49, 49, 49, 49, 49, 49, 49, 49, 49, 49, 49, 49, 49, 49, 49, 49, 49, 49, 49, 49, 49, 49, 49, 49, 49, 49, 49, 49, 49, 49]",3283,384,6,pytorch,1.1375751346349716,1.1550039052963257,2885963.2212807275,68.404296875,82.0,0.37774257361888885,0,
2,b64_l196|outlier|forward_backward,b64_l196,outlier,forward_backward,"[196, 49, 49, 49, 49, 49, 49, 49, 49, 49, 49, 49, 49, 49, 49, 49, 49, 49, 49, 49, 49, 49, 49, 49, 49, 49, 49, 49, 49, 49, 49, 49, 49, 49, 49, 49, 49, 49, 49, 49, 49, 49, 49, 49, 49, 49, 49, 49, 49, 49, 49, 49, 49, 49, 49, 49, 49, 49, 49, 49, 49, 49, 49, 49]",3283,384,6,flash_attention,,,,,,,0,optional flash-attn package is not installed
3,b64_l196|mild|forward,b64_l196,mild,forward,"[196, 188, 180, 172, 165, 196, 188, 180, 172, 165, 196, 188, 180, 172, 165, 196, 188, 180, 172, 165, 196, 188, 180, 172, 165, 196, 188, 180, 172, 165, 196, 188, 180, 172, 165, 196, 188, 180, 172, 165, 196, 188, 180, 172, 165, 196, 188, 180, 172, 165, 196, 188, 180, 172, 165, 196, 188, 180, 172, 165, 196, 188, 180, 172]",11548,384,6,dense_masking,0.7419129833579063,0.7485626265406609,15565167.693566468,77.34375,90.0,,0,
3,b64_l196|mild|forward,b64_l196,mild,forward,"[196, 188, 180, 172, 165, 196, 188, 180, 172, 165, 196, 188, 180, 172, 165, 196, 188, 180, 172, 165, 196, 188, 180, 172, 165, 196, 188, 180, 172, 165, 196, 188, 180, 172, 165, 196, 188, 180, 172, 165, 196, 188, 180, 172, 165, 196, 188, 180, 172, 165, 196, 188, 180, 172, 165, 196, 188, 180, 172, 165, 196, 188, 180, 172]",11548,384,6,padded_bucketing,1.0301768779754639,1.0425066575407982,11209725.481991494,103.38671875,126.0,,0,
3,b64_l196|mild|forward,b64_l196,mild,forward,"[196, 188, 180, 172, 165, 196, 188, 180, 172, 165, 196, 188, 180, 172, 165, 196, 188, 180, 172, 165, 196, 188, 180, 172, 165, 196, 188, 180, 172, 165, 196, 188, 180, 172, 165, 196, 188, 180, 172, 165, 196, 188, 180, 172, 165, 196, 188, 180, 172, 165, 196, 188, 180, 172, 165, 196, 188, 180, 172, 165, 196, 188, 180, 172]",11548,384,6,per_sequence,13.886318542063236,13.903508894145489,831609.9018627433,52.2900390625,70.0,,0,
3,b64_l196|mild|forward,b64_l196,mild,forward,"[196, 188, 180, 172, 165, 196, 188, 180, 172, 165, 196, 188, 180, 172, 165, 196, 188, 180, 172, 165, 196, 188, 180, 172, 165, 196, 188, 180, 172, 165, 196, 188, 180, 172, 165, 196, 188, 180, 172, 165, 196, 188, 180, 172, 165, 196, 188, 180, 172, 165, 196, 188, 180, 172, 165, 196, 188, 180, 172, 165, 196, 188, 180, 172]",11548,384,6,pytorch,0.5164779722690582,0.519927591085434,22359133.632100172,70.0947265625,88.0,0.3706924617290497,0,
3,b64_l196|mild|forward,b64_l196,mild,forward,"[196, 188, 180, 172, 165, 196, 188, 180, 172, 165, 196, 188, 180, 172, 165, 196, 188, 180, 172, 165, 196, 188, 180, 172, 165, 196, 188, 180, 172, 165, 196, 188, 180, 172, 165, 196, 188, 180, 172, 165, 196, 188, 180, 172, 165, 196, 188, 180, 172, 165, 196, 188, 180, 172, 165, 196, 188, 180, 172, 165, 196, 188, 180, 172]",11548,384,6,flash_attention,,,,,,,0,optional flash-attn package is not installed
3,b64_l196|mild|forward_backward,b64_l196,mild,forward_backward,"[196, 188, 180, 172, 165, 196, 188, 180, 172, 165, 196, 188, 180, 172, 165, 196, 188, 180, 172, 165, 196, 188, 180, 172, 165, 196, 188, 180, 172, 165, 196, 188, 180, 172, 165, 196, 188, 180, 172, 165, 196, 188, 180, 172, 165, 196, 188, 180, 172, 165, 196, 188, 180, 172, 165, 196, 188, 180, 172, 165, 196, 188, 180, 172]",11548,384,6,dense_masking,3.2267170026898384,3.2331086695194244,3578869.7894402943,143.8447265625,180.0,,0,
3,b64_l196|mild|forward_backward,b64_l196,mild,forward_backward,"[196, 188, 180, 172, 165, 196, 188, 180, 172, 165, 196, 188, 180, 172, 165, 196, 188, 180, 172, 165, 196, 188, 180, 172, 165, 196, 188, 180, 172, 165, 196, 188, 180, 172, 165, 196, 188, 180, 172, 165, 196, 188, 180, 172, 165, 196, 188, 180, 172, 165, 196, 188, 180, 172, 165, 196, 188, 180, 172, 165, 196, 188, 180, 172]",11548,384,6,padded_bucketing,3.7832744419574738,3.808175213634968,3052382.315152649,180.892578125,214.0,,0,
3,b64_l196|mild|forward_backward,b64_l196,mild,forward_backward,"[196, 188, 180, 172, 165, 196, 188, 180, 172, 165, 196, 188, 180, 172, 165, 196, 188, 180, 172, 165, 196, 188, 180, 172, 165, 196, 188, 180, 172, 165, 196, 188, 180, 172, 165, 196, 188, 180, 172, 165, 196, 188, 180, 172, 165, 196, 188, 180, 172, 165, 196, 188, 180, 172, 165, 196, 188, 180, 172, 165, 196, 188, 180, 172]",11548,384,6,per_sequence,51.749120466411114,59.94898732751608,223153.5511312792,108.66259765625,124.0,,0,
3,b64_l196|mild|forward_backward,b64_l196,mild,forward_backward,"[196, 188, 180, 172, 165, 196, 188, 180, 172, 165, 196, 188, 180, 172, 165, 196, 188, 180, 172, 165, 196, 188, 180, 172, 165, 196, 188, 180, 172, 165, 196, 188, 180, 172, 165, 196, 188, 180, 172, 165, 196, 188, 180, 172, 165, 196, 188, 180, 172, 165, 196, 188, 180, 172, 165, 196, 188, 180, 172, 165, 196, 188, 180, 172]",11548,384,6,pytorch,2.0600128918886185,2.0625432953238487,5605790.1605716655,143.06103515625,162.0,0.3771008923649788,0,
3,b64_l196|mild|forward_backward,b64_l196,mild,forward_backward,"[196, 188, 180, 172, 165, 196, 188, 180, 172, 165, 196, 188, 180, 172, 165, 196, 188, 180, 172, 165, 196, 188, 180, 172, 165, 196, 188, 180, 172, 165, 196, 188, 180, 172, 165, 196, 188, 180, 172, 165, 196, 188, 180, 172, 165, 196, 188, 180, 172, 165, 196, 188, 180, 172, 165, 196, 188, 180, 172, 165, 196, 188, 180, 172]",11548,384,6,flash_attention,,,,,,,0,optional flash-attn package is not installed
3,b64_l196|high|forward,b64_l196,high,forward,"[196, 147, 108, 78, 59, 39, 24, 12, 196, 147, 108, 78, 59, 39, 24, 12, 196, 147, 108, 78, 59, 39, 24, 12, 196, 147, 108, 78, 59, 39, 24, 12, 196, 147, 108, 78, 59, 39, 24, 12, 196, 147, 108, 78, 59, 39, 24, 12, 196, 147, 108, 78, 59, 39, 24, 12, 196, 147, 108, 78, 59, 39, 24, 12]",5304,384,6,dense_masking,0.7433341816067696,0.7543228566646576,7135417.866207939,73.35546875,98.0,,0,
3,b64_l196|high|forward,b64_l196,high,forward,"[196, 147, 108, 78, 59, 39, 24, 12, 196, 147, 108, 78, 59, 39, 24, 12, 196, 147, 108, 78, 59, 39, 24, 12, 196, 147, 108, 78, 59, 39, 24, 12, 196, 147, 108, 78, 59, 39, 24, 12, 196, 147, 108, 78, 59, 39, 24, 12, 196, 147, 108, 78, 59, 39, 24, 12, 196, 147, 108, 78, 59, 39, 24, 12]",5304,384,6,padded_bucketing,1.7136018723249435,1.7270222306251526,3095234.713302311,53.2138671875,72.0,,0,
3,b64_l196|high|forward,b64_l196,high,forward,"[196, 147, 108, 78, 59, 39, 24, 12, 196, 147, 108, 78, 59, 39, 24, 12, 196, 147, 108, 78, 59, 39, 24, 12, 196, 147, 108, 78, 59, 39, 24, 12, 196, 147, 108, 78, 59, 39, 24, 12, 196, 147, 108, 78, 59, 39, 24, 12, 196, 147, 108, 78, 59, 39, 24, 12, 196, 147, 108, 78, 59, 39, 24, 12]",5304,384,6,per_sequence,14.204631559550762,14.320218935608864,373399.3365307495,39.158203125,52.0,,0,
3,b64_l196|high|forward,b64_l196,high,forward,"[196, 147, 108, 78, 59, 39, 24, 12, 196, 147, 108, 78, 59, 39, 24, 12, 196, 147, 108, 78, 59, 39, 24, 12, 196, 147, 108, 78, 59, 39, 24, 12, 196, 147, 108, 78, 59, 39, 24, 12, 196, 147, 108, 78, 59, 39, 24, 12, 196, 147, 108, 78, 59, 39, 24, 12, 196, 147, 108, 78, 59, 39, 24, 12]",5304,384,6,pytorch,0.34200213849544525,0.34568365663290024,15508674.955465632,47.39013671875,62.0,0.3736717626452446,0,
3,b64_l196|high|forward,b64_l196,high,forward,"[196, 147, 108, 78, 59, 39, 24, 12, 196, 147, 108, 78, 59, 39, 24, 12, 196, 147, 108, 78, 59, 39, 24, 12, 196, 147, 108, 78, 59, 39, 24, 12, 196, 147, 108, 78, 59, 39, 24, 12, 196, 147, 108, 78, 59, 39, 24, 12, 196, 147, 108, 78, 59, 39, 24, 12, 196, 147, 108, 78, 59, 39, 24, 12]",5304,384,6,flash_attention,,,,,,,0,optional flash-attn package is not installed
3,b64_l196|high|forward_backward,b64_l196,high,forward_backward,"[196, 147, 108, 78, 59, 39, 24, 12, 196, 147, 108, 78, 59, 39, 24, 12, 196, 147, 108, 78, 59, 39, 24, 12, 196, 147, 108, 78, 59, 39, 24, 12, 196, 147, 108, 78, 59, 39, 24, 12, 196, 147, 108, 78, 59, 39, 24, 12, 196, 147, 108, 78, 59, 39, 24, 12, 196, 147, 108, 78, 59, 39, 24, 12]",5304,384,6,dense_masking,3.0602319166064262,3.170219250023365,1733201.974405178,138.9169921875,156.0,,0,
3,b64_l196|high|forward_backward,b64_l196,high,forward_backward,"[196, 147, 108, 78, 59, 39, 24, 12, 196, 147, 108, 78, 59, 39, 24, 12, 196, 147, 108, 78, 59, 39, 24, 12, 196, 147, 108, 78, 59, 39, 24, 12, 196, 147, 108, 78, 59, 39, 24, 12, 196, 147, 108, 78, 59, 39, 24, 12, 196, 147, 108, 78, 59, 39, 24, 12, 196, 147, 108, 78, 59, 39, 24, 12]",5304,384,6,padded_bucketing,7.228587754070759,7.2480980306863785,733753.2835529412,88.72705078125,110.0,,0,
3,b64_l196|high|forward_backward,b64_l196,high,forward_backward,"[196, 147, 108, 78, 59, 39, 24, 12, 196, 147, 108, 78, 59, 39, 24, 12, 196, 147, 108, 78, 59, 39, 24, 12, 196, 147, 108, 78, 59, 39, 24, 12, 196, 147, 108, 78, 59, 39, 24, 12, 196, 147, 108, 78, 59, 39, 24, 12, 196, 147, 108, 78, 59, 39, 24, 12, 196, 147, 108, 78, 59, 39, 24, 12]",5304,384,6,per_sequence,51.52806453406811,60.23141089826822,102934.19805227162,64.0859375,88.0,,0,
3,b64_l196|high|forward_backward,b64_l196,high,forward_backward,"[196, 147, 108, 78, 59, 39, 24, 12, 196, 147, 108, 78, 59, 39, 24, 12, 196, 147, 108, 78, 59, 39, 24, 12, 196, 147, 108, 78, 59, 39, 24, 12, 196, 147, 108, 78, 59, 39, 24, 12, 196, 147, 108, 78, 59, 39, 24, 12, 196, 147, 108, 78, 59, 39, 24, 12, 196, 147, 108, 78, 59, 39, 24, 12]",5304,384,6,pytorch,1.3217302039265633,1.3286713510751724,4012921.838543909,86.49609375,102.0,0.3800308331847191,0,
3,b64_l196|high|forward_backward,b64_l196,high,forward_backward,"[196, 147, 108, 78, 59, 39, 24, 12, 196, 147, 108, 78, 59, 39, 24, 12, 196, 147, 108, 78, 59, 39, 24, 12, 196, 147, 108, 78, 59, 39, 24, 12, 196, 147, 108, 78, 59, 39, 24, 12, 196, 147, 108, 78, 59, 39, 24, 12, 196, 147, 108, 78, 59, 39, 24, 12, 196, 147, 108, 78, 59, 39, 24, 12]",5304,384,6,flash_attention,,,,,,,0,optional flash-attn package is not installed
3,b64_l196|outlier|forward,b64_l196,outlier,forward,"[196, 49, 49, 49, 49, 49, 49, 49, 49, 49, 49, 49, 49, 49, 49, 49, 49, 49, 49, 49, 49, 49, 49, 49, 49, 49, 49, 49, 49, 49, 49, 49, 49, 49, 49, 49, 49, 49, 49, 49, 49, 49, 49, 49, 49, 49, 49, 49, 49, 49, 49, 49, 49, 49, 49, 49, 49, 49, 49, 49, 49, 49, 49, 49]",3283,384,6,dense_masking,0.7395641878247261,0.7561324164271355,4439100.829985103,71.29052734375,92.0,,0,
3,b64_l196|outlier|forward,b64_l196,outlier,forward,"[196, 49, 49, 49, 49, 49, 49, 49, 49, 49, 49, 49, 49, 49, 49, 49, 49, 49, 49, 49, 49, 49, 49, 49, 49, 49, 49, 49, 49, 49, 49, 49, 49, 49, 49, 49, 49, 49, 49, 49, 49, 49, 49, 49, 49, 49, 49, 49, 49, 49, 49, 49, 49, 49, 49, 49, 49, 49, 49, 49, 49, 49, 49, 49]",3283,384,6,padded_bucketing,0.7261540740728378,0.7330030202865601,4521079.089436733,44.767578125,64.0,,0,
3,b64_l196|outlier|forward,b64_l196,outlier,forward,"[196, 49, 49, 49, 49, 49, 49, 49, 49, 49, 49, 49, 49, 49, 49, 49, 49, 49, 49, 49, 49, 49, 49, 49, 49, 49, 49, 49, 49, 49, 49, 49, 49, 49, 49, 49, 49, 49, 49, 49, 49, 49, 49, 49, 49, 49, 49, 49, 49, 49, 49, 49, 49, 49, 49, 49, 49, 49, 49, 49, 49, 49, 49, 49]",3283,384,6,per_sequence,14.525874517858028,15.490693040192127,226010.48879803403,34.142578125,44.0,,0,
3,b64_l196|outlier|forward,b64_l196,outlier,forward,"[196, 49, 49, 49, 49, 49, 49, 49, 49, 49, 49, 49, 49, 49, 49, 49, 49, 49, 49, 49, 49, 49, 49, 49, 49, 49, 49, 49, 49, 49, 49, 49, 49, 49, 49, 49, 49, 49, 49, 49, 49, 49, 49, 49, 49, 49, 49, 49, 49, 49, 49, 49, 49, 49, 49, 49, 49, 49, 49, 49, 49, 49, 49, 49]",3283,384,6,pytorch,0.28737355023622513,0.4165014252066612,11424155.066815743,39.0126953125,44.0,0.37463195621967316,0,
3,b64_l196|outlier|forward,b64_l196,outlier,forward,"[196, 49, 49, 49, 49, 49, 49, 49, 49, 49, 49, 49, 49, 49, 49, 49, 49, 49, 49, 49, 49, 49, 49, 49, 49, 49, 49, 49, 49, 49, 49, 49, 49, 49, 49, 49, 49, 49, 49, 49, 49, 49, 49, 49, 49, 49, 49, 49, 49, 49, 49, 49, 49, 49, 49, 49, 49, 49, 49, 49, 49, 49, 49, 49]",3283,384,6,flash_attention,,,,,,,0,optional flash-attn package is not installed
3,b64_l196|outlier|forward_backward,b64_l196,outlier,forward_backward,"[196, 49, 49, 49, 49, 49, 49, 49, 49, 49, 49, 49, 49, 49, 49, 49, 49, 49, 49, 49, 49, 49, 49, 49, 49, 49, 49, 49, 49, 49, 49, 49, 49, 49, 49, 49, 49, 49, 49, 49, 49, 49, 49, 49, 49, 49, 49, 49, 49, 49, 49, 49, 49, 49, 49, 49, 49, 49, 49, 49, 49, 49, 49, 49]",3283,384,6,dense_masking,3.3396054059267044,4.465489648282528,983050.2712008286,137.43701171875,158.0,,0,
3,b64_l196|outlier|forward_backward,b64_l196,outlier,forward_backward,"[196, 49, 49, 49, 49, 49, 49, 49, 49, 49, 49, 49, 49, 49, 49, 49, 49, 49, 49, 49, 49, 49, 49, 49, 49, 49, 49, 49, 49, 49, 49, 49, 49, 49, 49, 49, 49, 49, 49, 49, 49, 49, 49, 49, 49, 49, 49, 49, 49, 49, 49, 49, 49, 49, 49, 49, 49, 49, 49, 49, 49, 49, 49, 49]",3283,384,6,padded_bucketing,2.575772814452648,2.6077022776007652,1274568.9299844706,67.97900390625,86.0,,0,
3,b64_l196|outlier|forward_backward,b64_l196,outlier,forward_backward,"[196, 49, 49, 49, 49, 49, 49, 49, 49, 49, 49, 49, 49, 49, 49, 49, 49, 49, 49, 49, 49, 49, 49, 49, 49, 49, 49, 49, 49, 49, 49, 49, 49, 49, 49, 49, 49, 49, 49, 49, 49, 49, 49, 49, 49, 49, 49, 49, 49, 49, 49, 49, 49, 49, 49, 49, 49, 49, 49, 49, 49, 49, 49, 49]",3283,384,6,per_sequence,71.00768946111202,85.44490579515696,46234.42932610789,50.0029296875,80.0,,0,
3,b64_l196|outlier|forward_backward,b64_l196,outlier,forward_backward,"[196, 49, 49, 49, 49, 49, 49, 49, 49, 49, 49, 49, 49, 49, 49, 49, 49, 49, 49, 49, 49, 49, 49, 49, 49, 49, 49, 49, 49, 49, 49, 49, 49, 49, 49, 49, 49, 49, 49, 49, 49, 49, 49, 49, 49, 49, 49, 49, 49, 49, 49, 49, 49, 49, 49, 49, 49, 49, 49, 49, 49, 49, 49, 49]",3283,384,6,pytorch,1.0911151766777039,1.3666898012161255,3008848.25926103,68.404296875,82.0,0.3812722861766815,0,
3,b64_l196|outlier|forward_backward,b64_l196,outlier,forward_backward,"[196, 49, 49, 49, 49, 49, 49, 49, 49, 49, 49, 49, 49, 49, 49, 49, 49, 49, 49, 49, 49, 49, 49, 49, 49, 49, 49, 49, 49, 49, 49, 49, 49, 49, 49, 49, 49, 49, 49, 49, 49, 49, 49, 49, 49, 49, 49, 49, 49, 49, 49, 49, 49, 49, 49, 49, 49, 49, 49, 49, 49, 49, 49, 49]",3283,384,6,flash_attention,,,,,,,0,optional flash-attn package is not installed
